<?xml version="1.0" encoding="UTF-8"?> 
<!DOCTYPE suite SYSTEM "http://testng.org/testng-1.0.dtd">
<suite name="Suite" parallel="tests">
	<test name="RunTestsonChromeBrowser">
		<parameter name="browser" value="chrome"></parameter>
		<classes>
			<class name="com.preeth.challenge.WebTest" />
		</classes>
	</test>
	<test name="RunTestsonFirefoxBrowser">
		<parameter name="browser" value="firefox"></parameter>
		<classes>
			<class name="com.preeth.challenge.WebTest" />
		</classes>
	</test>
</suite>