<?xml version="1.0" encoding="UTF-8"?> 
<!DOCTYPE suite SYSTEM "http://testng.org/testng-1.0.dtd">
<suite name="Suite" parallel="none">
	<test name="RunTestsonChromeBrowser">
		<parameter name="browser" value="chrome" />
		<classes>
			<class name="com.hellofresh.challenge.WebTest" />
		</classes>
	</test>
	<test name="RunTestsonFirefoxBrowser">
		<parameter name="browser" value="firefox" />
		<classes>
			<class name="com.hellofresh.challenge.WebTest" />
		</classes>
	</test>
</suite>